{
  "project_info": {
    "project_number": "889817206193",
    "project_id": "service-circle-11b02",
    "storage_bucket": "service-circle-11b02.appspot.com"
  },
  "client": [
    {
      "client_info": {
        "mobilesdk_app_id": "1:889817206193:android:df9e1991f202552d9e4190",
        "android_client_info": {
          "package_name": "com.example.servicecircle"
        }
      },
      "oauth_client": [
        {
          "client_id": "889817206193-c0i5o4d6604j6it7jvbc3ft4nvg9ss4h.apps.googleusercontent.com",
          "client_type": 3
        }
      ],
      "api_key": [
        {
          "current_key": "AIzaSyC4pCHZsV8Ct-P7yB1Tknhoc1LCzDx2zlI"
        }
      ],
      "services": {
        "appinvite_service": {
          "other_platform_oauth_client": [
            {
              "client_id": "889817206193-c0i5o4d6604j6it7jvbc3ft4nvg9ss4h.apps.googleusercontent.com",
              "client_type": 3
            }
          ]
        }
      }
    }
  ],
  "configuration_version": "1"
}